{"mean": -47.15561294555664, "std": 21.293272018432617}